Compute_Hours,Storage_GB,Network_TB
15578,5214,93
11184,6417,121
18322,4297,83
17734,6459,114
17270,5879,55
15734,6890,142
10189,5253,109
15051,5041,97
13385,5945,136
16265,3646,112
10769,3600,111
10860,4528,103
17849,4478,131
15390,6202,53
11899,6943,94
15191,6556,103
14658,4585,64
12558,6003,129
19167,3775,75
11685,5435,123
19274,4390,134
14555,5612,127
12047,6499,102
10466,5068,67
16396,4363,111
14426,5888,139
15311,3241,144
19998,3034,138
